{"Mods":[{"Author":"Goonsack","Name":"NPC Scanner for Combat Extender","Folder":"NPC Scanner for Combat Extender","Version":"36028799166447616","Description":"Spells for gathering the GUIDs and handles of NPCs which can be used in Combat Extender configuration, check the Script Extender console for data output.","UUID":"32933063-8266-4fc8-8b90-14bc601eb964","Created":"2026-01-12T20:27:00.1528643+11:00","Dependencies":[],"Group":"69492cb6-529b-4704-b40d-d8f90c2bd86a"}],"MD5":"3e08a3df2c034a6391ba6b2c9cacbb64"}